,City,Country,Temperature,Max Temp,Humidity,Cloudiness,Wind Speed,Latitude,Longitude
0,Tuktoyaktuk,CA,-38.2,-38.2,67,20,4.61,69.4541,-133.0374
1,Hobart,AU,66.18,69.01,48,20,6.91,-42.8794,147.3294
2,Cam Ranh,VN,75.2,75.2,83,40,10.36,11.9214,109.1591
3,Punta Arenas,CL,62.6,62.6,63,0,4.61,-53.15,-70.9167
4,Rikitea,PF,79.02,79.02,70,16,7.02,-23.1203,-134.9692
5,Saint-Philippe,RE,74.86,77.0,65,0,5.75,-21.3585,55.7679
6,Dongsheng,CN,27.73,27.73,74,0,6.96,39.8161,109.9776
7,Atuona,PF,79.65,79.65,72,0,16.2,-9.8,-139.0333
8,Hermanus,ZA,62.01,62.01,91,91,1.99,-34.4187,19.2345
9,Qaanaaq,GL,14.72,14.72,74,0,3.83,77.484,-69.3632
10,Bluff,NZ,53.51,53.51,87,100,14.34,-46.6,168.3333
11,Camacha,PT,60.8,60.8,88,40,4.61,33.0833,-16.3333
12,Chiscani,RO,44.8,45.0,100,75,6.26,45.1833,27.9333
13,Provideniya,RU,-0.4,-0.4,65,0,31.32,64.3833,-173.3
14,Pevek,RU,-4.16,-4.16,75,0,2.59,69.7008,170.3133
15,Hithadhoo,MV,81.84,81.84,82,29,14.5,-0.6,73.0833
16,Busselton,AU,62.37,64.99,67,0,3.0,-33.65,115.3333
17,Souillac,MU,77.0,77.0,83,40,3.44,-20.5167,57.5167
18,East London,ZA,70.29,70.29,82,0,1.59,-33.0153,27.9116
19,Daru,PG,84.51,84.51,73,100,9.64,-9.0763,143.2092
20,Lata,PT,54.39,57.0,90,100,20.0,40.1629,-8.3327
21,Bogovarovo,RU,-11.09,-11.09,90,100,3.38,58.9785,47.0246
22,Butaritari,KI,81.79,81.79,80,98,14.9,3.0707,172.7902
23,Macia,MZ,72.91,72.91,95,32,5.64,-25.0269,33.0989
24,Ushuaia,AR,66.2,66.2,68,0,2.3,-54.8,-68.3
25,Cape Town,ZA,68.25,69.01,77,0,14.97,-33.9258,18.4232
26,Mataura,NZ,57.76,57.76,67,100,8.55,-46.1927,168.8643
27,Olafsvik,IS,27.88,27.88,95,100,19.64,64.8945,-23.7142
28,Jiblah,YE,52.65,52.65,68,31,2.33,13.9216,44.1467
29,Saint Paul Harbor,US,33.8,33.8,86,90,8.81,57.79,-152.4072
30,Tiksi,RU,-14.37,-14.37,81,100,2.51,71.6872,128.8694
31,Novozavidovskiy,RU,7.92,7.92,95,100,5.99,56.55,36.4333
32,Khatanga,RU,-14.04,-14.04,84,0,7.45,71.9667,102.5
33,Bredasdorp,ZA,57.2,57.2,88,86,3.67,-34.5322,20.0403
34,Hong Kong,HK,59.92,62.01,92,100,10.8,22.2855,114.1577
35,São João da Barra,BR,74.08,74.08,86,18,7.54,-21.6403,-41.0511
36,Goundam,ML,72.3,72.3,18,0,11.18,16.4145,-3.6708
37,New Norfolk,AU,66.02,69.01,43,0,3.0,-42.7826,147.0587
38,Carutapera,BR,79.79,79.79,78,100,5.84,-1.195,-46.02
39,Hilo,US,68.22,73.4,64,40,16.11,19.7297,-155.09
40,Nemuro,JP,21.2,21.2,53,20,5.75,43.3236,145.575
41,Tasiilaq,GL,15.8,15.8,57,90,12.66,65.6145,-37.6368
42,Tommot,RU,-2.85,-2.85,89,99,1.97,58.9564,126.2925
43,Cidreira,BR,74.66,74.66,82,12,17.02,-30.1811,-50.2056
44,Port Alfred,ZA,69.01,69.01,94,6,3.11,-33.5906,26.891
45,Castro,BR,59.79,59.79,94,94,8.37,-24.7911,-50.0119
46,Gebre Guracha,ET,48.63,48.63,82,18,2.48,9.8,38.4
47,Sitka,US,15.8,15.8,48,20,14.97,57.0531,-135.33
48,Anta,IN,61.39,61.39,35,100,2.93,25.15,76.3
49,Novikovo,RU,21.22,21.22,98,100,1.43,51.1537,37.8879
50,George Town,MY,78.06,80.6,88,20,2.3,5.4112,100.3354
51,Saskylakh,RU,-25.28,-25.28,83,0,8.86,71.9167,114.0833
52,Kapaa,US,70.7,71.6,53,90,19.57,22.0752,-159.319
53,Mahbūbābād,IN,61.61,61.61,92,2,3.24,17.6167,80.0167
54,Constitución,CL,61.3,61.3,86,0,3.27,-35.3333,-72.4167
55,Shangrao,CN,46.96,46.96,92,100,4.79,28.4532,117.9686
56,Arraial do Cabo,BR,74.79,74.79,85,0,2.53,-22.9661,-42.0278
57,Uromi,NG,76.12,76.12,85,2,4.85,6.7,6.3333
58,Warmbad,NA,79.41,79.41,29,0,4.72,-28.45,18.7333
59,Adrar,MR,62.56,62.56,26,100,8.39,20.5022,-10.0711
60,Flin Flon,CA,-18.4,-18.4,69,90,5.75,54.7682,-101.865
61,Zonguldak,TR,46.69,46.69,70,21,3.67,41.25,31.8333
62,Mar del Plata,AR,65.12,66.0,82,75,16.11,-38.0023,-57.5575
63,Ponta do Sol,PT,52.63,57.0,69,65,3.0,32.6667,-17.1
64,Aswān,EG,64.72,64.72,46,63,9.1,24.0934,32.907
65,Kruisfontein,ZA,62.01,62.01,93,44,3.91,-34.0033,24.7314
66,Avarua,CK,84.2,84.2,74,20,6.91,-21.2078,-159.775
67,Alofi,NU,84.2,84.2,84,75,10.36,-19.0595,-169.9187
68,Acaraú,BR,77.58,77.58,86,98,5.99,-2.8856,-40.12
69,Kutum,SD,57.06,57.06,37,62,10.16,14.2,24.6667
70,La Rioja,ES,39.2,39.2,93,0,1.14,42.25,-2.5
71,Buala,SB,79.77,79.77,86,100,13.22,-8.145,159.5921
72,Kimbe,PG,81.16,81.16,84,100,2.55,-5.5502,150.1429
73,Tilichiki,RU,14.16,14.16,94,100,11.39,60.4667,166.1
74,Ribeira Grande,PT,60.19,60.19,86,100,14.16,38.5167,-28.7
75,Jamestown,US,18.63,19.99,79,90,10.36,42.097,-79.2353
76,Vaini,TO,80.6,80.6,89,90,20.71,-21.2,-175.2
77,Charters Towers,AU,83.12,83.12,67,96,9.75,-20.1,146.2667
78,Elizabeth City,US,48.45,51.01,87,20,5.91,36.2946,-76.2511
79,Nara,JP,45.3,46.99,61,40,1.14,34.6851,135.8049
80,Kavieng,PG,84.27,84.27,77,80,9.55,-2.5744,150.7967
81,Nome,US,-1.97,-0.4,42,1,16.11,64.5011,-165.4064
82,Egvekinot,RU,-12.41,-12.41,77,0,9.24,66.3167,-179.1667
83,Chui,UY,67.1,67.1,89,0,5.57,-33.6971,-53.4616
84,Klaksvík,FO,30.2,30.2,74,98,8.05,62.2266,-6.589
85,Forsytheganj,BY,8.78,8.78,96,100,5.41,52.6333,29.7333
86,Iguape,BR,73.38,73.38,69,41,5.79,-24.7081,-47.5553
87,Kaitangata,NZ,55.99,55.99,89,100,5.01,-46.2817,169.8464
88,Iracoubo,GF,77.09,77.09,79,53,10.25,5.4802,-53.2011
89,Sembakung,ID,77.0,77.0,100,75,5.75,3.8167,117.25
90,Marabba,SD,69.98,69.98,23,93,9.31,12.35,32.1833
91,Esperance,AU,68.0,68.0,73,0,4.61,-33.8667,121.9
92,Barrow,US,-23.8,-23.8,69,1,17.27,71.2906,-156.7887
93,Premnitz,DE,14.92,18.0,90,18,1.86,52.5333,12.3333
94,Nikolskoye,RU,-1.71,3.0,77,100,2.51,59.7035,30.7861
95,Beyneu,KZ,30.33,30.33,91,100,14.12,45.3167,55.2
96,Nordby,DK,22.46,23.0,80,75,10.36,55.446,8.3979
97,Albany,US,20.12,21.99,68,0,3.0,42.6001,-73.9662
98,Severo-Kuril'sk,RU,27.57,27.57,90,100,14.85,50.6789,156.125
99,Dingle,PH,80.74,80.74,81,58,4.14,10.9995,122.6711
100,Talnakh,RU,-12.95,-12.95,88,99,1.36,69.4865,88.3972
101,Karasburg,NA,76.87,76.87,30,0,5.19,-28.0167,18.75
102,Bucerías,MX,71.8,72.0,78,1,8.05,20.75,-105.3333
103,Kununurra,AU,82.4,82.4,89,75,8.05,-15.7667,128.7333
104,Cabo San Lucas,MX,67.98,71.01,77,1,14.97,22.8909,-109.9124
105,Colac,AU,71.33,73.99,61,0,1.99,-38.3333,143.5833
106,Port Elizabeth,ZA,66.2,66.2,94,0,3.44,-33.918,25.5701
107,Iquique,CL,71.6,71.6,60,0,14.97,-20.2208,-70.1431
108,Ahipara,NZ,67.03,67.03,93,100,4.74,-35.1667,173.1667
109,Narsaq,GL,33.8,33.8,27,26,32.21,60.9167,-46.05
110,Kayes,ML,76.6,76.6,18,61,8.19,14.0,-11.0
111,Altay,CN,8.15,8.15,83,40,3.76,47.8667,88.1167
112,Bonthe,SL,78.62,78.62,87,0,5.01,7.5264,-12.505
113,Vaitape,PF,82.27,82.27,72,0,12.48,-16.5167,-151.75
114,Kahului,US,71.96,75.2,50,20,18.41,20.8947,-156.47
115,Sotnikovskoye,RU,35.87,35.87,87,46,3.96,45.0039,43.7772
116,Cherskiy,RU,-2.54,-2.54,85,0,2.04,68.75,161.3
117,Srīvardhan,IN,69.98,69.98,36,3,4.92,18.0333,73.0167
118,San Quintín,MX,56.64,56.64,74,100,3.89,30.4833,-115.95
119,Antalaha,MG,74.77,74.77,92,100,4.38,-14.9003,50.2788
120,Puerto Madryn,AR,67.66,67.66,66,100,22.82,-42.7692,-65.0385
121,Presidencia Roque Sáenz Peña,AR,68.0,68.0,90,17,1.99,-26.7852,-60.4388
122,Ormara,PK,71.87,71.87,38,84,18.59,25.2088,64.6357
123,Carnarvon,AU,75.2,75.2,83,0,27.63,-24.8667,113.6333
124,Padang,ID,77.0,77.0,88,20,3.44,-0.9492,100.3543
125,Ilulissat,GL,17.6,17.6,53,0,4.61,69.2167,-51.1
126,Makakilo City,US,75.85,78.8,38,1,6.91,21.3469,-158.0858
127,Arlit,NE,68.94,68.94,20,0,9.4,18.7369,7.3853
128,Lompoc,US,50.85,53.6,76,90,9.22,34.6391,-120.4579
129,Fairbanks,US,-17.19,-14.8,64,1,4.45,64.8378,-147.7164
130,Batagay-Alyta,RU,-9.38,-9.38,80,100,3.67,67.8006,130.4114
131,Jijiga,ET,53.82,53.82,64,5,15.01,9.35,42.8
132,Koumac,NC,81.99,81.99,69,14,10.8,-20.5667,164.2833
133,Laguna,US,61.41,63.0,59,90,8.05,38.421,-121.4238
134,Lebu,CL,61.18,61.18,83,0,11.9,-37.6167,-73.65
135,Yumen,CN,33.33,33.33,72,100,17.65,40.2833,97.2
136,Qianjiang,CN,51.03,51.03,76,100,3.15,30.4151,112.8859
137,Kiryat Gat,IL,54.57,57.0,82,0,2.3,31.61,34.7642
138,Kidal,ML,66.54,66.54,22,0,4.47,18.4411,1.4078
139,Japura,ID,78.85,78.85,82,100,1.97,-0.3167,102.35
140,Farah,AF,45.55,45.55,55,0,4.43,32.5,62.5
141,Richards Bay,ZA,75.33,75.33,90,55,2.66,-28.783,32.0377
142,Mahébourg,MU,77.0,77.0,83,40,3.44,-20.4081,57.7
143,Lavrentiya,RU,-11.36,-11.36,78,0,15.84,65.5833,-171.0
144,Lufilufi,WS,82.2,82.4,83,90,6.91,-13.8745,-171.5986
145,Moindou,NC,84.2,84.2,61,75,13.8,-21.6924,165.677
146,Port-Gentil,GA,80.4,80.4,82,99,7.2,-0.7193,8.7815
147,Pizarro,CO,78.35,78.35,88,100,4.36,4.9533,-77.366
148,Puerto Ayora,EC,78.01,78.01,91,25,6.49,-0.7393,-90.3518
149,Lensk,RU,10.9,10.9,94,100,2.62,60.7253,114.9278
150,Valdivia,CL,77.0,77.0,53,0,4.61,-39.8142,-73.2459
151,Ust'-Tarka,RU,-13.38,-13.38,89,100,8.68,55.5672,75.705
152,Pisco,PE,71.35,71.6,78,20,18.41,-13.7,-76.2167
153,Tingo María,PE,73.62,73.62,84,100,2.08,-9.2895,-76.0088
154,Torbay,CA,28.83,30.0,93,90,26.46,47.6666,-52.7314
155,Poum,NC,79.99,79.99,76,6,14.05,-20.2333,164.0167
156,Santa Isabel Rio Negro,BR,75.43,75.43,95,100,1.99,-0.4139,-65.0192
157,Nizhneudinsk,RU,6.76,6.76,90,100,1.28,54.9076,99.0276
158,Bilma,NE,65.88,65.88,22,0,7.52,18.6853,12.9164
159,Chifeng,CN,20.5,20.5,90,0,7.94,42.2683,118.9636
160,Puerto Escondido,MX,80.6,80.6,78,40,3.98,15.85,-97.0667
161,Vostok,RU,4.46,4.46,92,100,3.51,46.4856,135.8833
162,Pervomayskiy,RU,7.0,7.0,73,100,6.98,53.2485,40.2871
163,Ambarawa,ID,80.6,80.6,89,75,2.3,-7.2633,110.3975
164,Mandalgovi,MN,24.3,24.3,82,94,11.68,45.7625,106.2708
165,Nanortalik,GL,27.07,27.07,87,0,17.43,60.1432,-45.2371
166,Eirunepé,BR,75.69,75.69,95,100,2.98,-6.6603,-69.8736
167,Karacabey,TR,53.6,53.6,94,75,13.8,40.2152,28.4038
168,Husavik,IS,21.2,21.2,93,90,2.3,66.0449,-17.3389
169,Brae,GB,33.42,33.42,84,78,4.56,60.3964,-1.353
170,Teguise,ES,59.0,59.0,94,20,5.75,29.0605,-13.564
171,Saint George,US,58.05,59.0,24,20,5.75,37.1041,-113.5841
172,Ürümqi,CN,24.8,24.8,93,75,2.24,43.801,87.6005
173,Seminole,US,67.89,69.01,88,90,8.05,28.7086,-81.2081
174,Ostrovnoy,RU,4.57,4.57,93,80,17.45,68.0531,39.5131
175,Kedrovyy,RU,3.2,3.2,66,0,6.71,56.1667,91.8167
176,Sayansk,RU,9.61,9.61,93,100,3.56,54.1088,102.1648
177,Lüderitz,NA,67.6,67.6,70,0,13.35,-26.6481,15.1594
178,Khorinsk,RU,8.85,8.85,92,100,2.71,52.1657,109.7726
179,Havøysund,NO,21.2,21.2,79,75,14.97,70.9963,24.6622
180,Mayo,US,39.56,41.0,65,90,8.05,38.8876,-76.5119
181,Faanui,PF,81.52,81.52,73,0,11.97,-16.4833,-151.75
182,Voh,NC,81.9,81.9,69,54,8.14,-20.9667,164.7
183,Moose Factory,CA,-5.8,-5.8,77,90,4.61,51.2585,-80.6094
184,Abu Samrah,SY,54.86,54.86,58,100,1.39,35.3029,37.1841
185,Tairua,NZ,70.0,70.0,93,100,10.0,-37.0167,175.85
186,Dikson,RU,-29.4,-29.4,86,99,9.69,73.5069,80.5464
187,Nova Olinda do Norte,BR,74.73,74.73,98,100,2.35,-3.8881,-59.0942
188,Semporna,MY,78.8,78.8,94,20,1.14,4.4818,118.6112
189,Nioki,CD,75.85,75.85,80,92,4.79,-2.7167,17.6833
190,Yellowknife,CA,-8.75,-8.0,77,75,13.8,62.456,-114.3525
191,Yulara,AU,89.6,89.6,48,14,11.5,-25.2406,130.9889
192,Constantine,DZ,51.8,51.8,62,0,11.5,36.365,6.6147
193,Shelburne,CA,17.6,17.6,62,75,4.61,44.0787,-80.2041
194,Horsham,GB,29.64,30.2,74,75,11.5,51.064,-0.3272
195,Upernavik,GL,10.04,10.04,75,0,2.21,72.7868,-56.1549
196,Bubaque,GW,77.54,77.54,69,7,9.75,11.2833,-15.8333
197,Guerrero Negro,MX,61.14,61.14,71,0,12.95,27.9769,-114.0611
198,Kerema,PG,84.72,84.72,72,100,11.65,-7.9631,145.7785
199,Airai,TL,70.68,70.68,84,100,3.47,-8.9266,125.4092
200,Mayya,RU,-32.8,-32.8,68,0,4.47,61.7333,130.2811
201,Swellendam,ZA,57.2,57.2,88,0,3.87,-34.0226,20.4417
202,Lagoa,PT,59.16,59.16,87,100,13.73,39.05,-27.9833
203,Konëvo,RU,-9.31,-9.31,90,0,3.22,62.1215,39.3192
204,Mangan,IN,55.76,55.76,31,31,4.76,27.5167,88.5333
205,Beringovskiy,RU,-8.54,-8.54,90,56,12.24,63.05,179.3167
206,Sola,VU,87.8,87.8,70,75,5.03,-13.8833,167.55
207,Clyde River,CA,-0.4,-0.4,92,90,8.05,70.4692,-68.5914
208,Jalu,LY,56.88,56.88,34,99,5.86,29.0331,21.5482
209,San Policarpo,PH,81.77,81.77,79,98,11.36,12.1791,125.5072
210,Lokosovo,RU,-20.4,-20.4,87,77,7.78,61.1333,74.8167
211,Luchenza,MW,68.05,68.05,93,100,1.57,-16.0069,35.3095
212,Chokurdakh,RU,-14.1,-14.1,87,0,2.93,70.6333,147.9167
213,Departamento de Maldonado,UY,68.99,70.0,88,40,11.5,-34.6667,-54.9167
214,Anarcs,HU,39.0,39.0,96,98,1.99,48.1764,22.1117
215,Chokwé,MZ,74.32,74.32,90,79,8.28,-24.5333,32.9833
216,Sur,OM,68.72,68.72,68,81,8.12,22.5667,59.5289
217,Solnechnyy,RU,7.9,7.9,90,93,1.43,50.7214,136.6319
218,Manta,EC,77.0,77.0,88,75,4.61,-0.95,-80.7333
219,Cruzeiro do Sul,BR,65.35,65.35,94,48,2.82,-29.5128,-51.9853
220,Yangi Marg`ilon,UZ,46.4,46.4,76,100,4.61,40.4272,71.7189
221,Nakhon Thai,TH,61.95,66.2,100,0,3.44,17.1006,100.8374
222,Arki,IN,49.1,49.1,57,0,4.74,31.15,76.9667
223,Zambezi,ZM,65.64,65.64,95,100,6.49,-13.5432,23.1047
224,Guilin,CN,50.0,50.0,93,90,2.24,25.2819,110.2864
225,Tual,ID,83.52,83.52,77,90,17.22,-5.6667,132.75
226,Cayenne,GF,78.8,78.8,73,40,8.05,4.9333,-52.3333
227,Quatre Cocos,MU,75.45,77.0,83,40,3.44,-20.2078,57.7625
228,Caravelas,BR,74.46,74.46,87,100,5.19,-17.7125,-39.2481
229,Kaeo,NZ,72.0,72.0,93,100,1.01,-35.1,173.7833
230,Walvis Bay,NA,65.62,66.99,88,79,3.44,-22.9575,14.5053
231,Port Macquarie,AU,68.2,71.01,100,75,9.22,-31.4333,152.9167
232,Puerto Gaitán,CO,86.9,86.9,47,77,10.85,4.3133,-72.0816
233,Kamaishi,JP,30.2,30.2,74,75,9.22,39.2667,141.8833
234,Port Blair,IN,74.77,74.77,63,52,10.2,11.6667,92.75
235,Half Moon Bay,US,54.39,57.2,87,20,7.43,37.4636,-122.4286
236,Adré,TD,60.64,60.64,30,51,13.35,13.4667,22.2
237,Avallon,FR,44.01,44.01,96,100,2.01,47.4833,3.9
238,Thompson,CA,-29.2,-29.2,75,40,3.44,55.7435,-97.8558
239,Broken Hill,AU,86.0,86.0,26,0,5.75,-31.95,141.4333
240,Ancud,CL,62.85,64.0,59,0,5.99,-41.8697,-73.8203
241,Imeni Poliny Osipenko,RU,3.15,3.15,88,1,0.51,52.4201,136.4853
242,The Pas,CA,-16.6,-16.6,63,40,10.36,53.8251,-101.2541
243,Petropavlovsk-Kamchatskiy,RU,28.4,28.4,100,90,2.24,53.0452,158.6483
244,Ilebo,CD,72.07,72.07,90,100,1.52,-4.3167,20.5833
245,Solwezi,ZM,62.92,62.92,98,100,5.68,-12.1688,26.3894
246,Siloam Springs,US,25.93,26.6,100,90,5.75,36.1881,-94.5405
247,Saint-Pierre,RE,75.06,77.0,65,0,5.75,-21.3393,55.4781
248,Oranjestad,AW,78.8,78.8,73,20,13.8,12.524,-70.027
249,Margate,GB,31.32,32.0,73,100,5.01,51.3813,1.3862
250,Benghazi,LY,62.49,62.49,48,0,9.35,32.1167,20.0667
251,Shimoda,JP,44.2,46.4,53,75,6.91,34.6667,138.95
252,Port Keats,AU,82.33,82.33,81,73,3.44,-14.25,129.55
253,Codrington,AU,79.59,79.59,40,0,3.89,-38.2667,141.9667
254,Mayumba,GA,77.0,77.0,82,100,1.54,-3.432,10.6554
255,Honningsvåg,NO,23.86,23.86,90,100,21.83,70.9821,25.9704
256,Xining,CN,28.24,28.24,67,53,2.59,36.6167,101.7667
257,Ust-Kuyga,RU,-24.14,-24.14,81,0,6.38,70.0167,135.6
258,Innisfail,AU,84.54,84.54,73,9,5.39,-17.5333,146.0333
259,Santa Maria,BR,68.65,68.65,80,69,4.0,-29.6842,-53.8069
260,Sonoita,MX,70.0,70.0,22,100,8.16,31.85,-112.8333
261,Bethel,US,23.4,24.01,92,44,3.02,41.3712,-73.414
262,Seoul,KR,33.82,35.6,75,75,4.61,37.5683,126.9778
263,Coquimbo,CL,60.8,60.8,88,40,6.91,-29.9533,-71.3436
264,Sri Aman,MY,77.0,77.0,100,40,0.67,1.2376,111.4621
265,Balikpapan,ID,84.2,84.2,84,20,5.75,-1.2675,116.8289
266,Duluth,US,0.19,1.4,46,1,10.36,46.7833,-92.1066
267,Māngrol,IN,67.01,67.01,52,100,10.71,21.1167,70.1167
268,Bima,ID,82.92,82.92,73,100,1.81,-8.4667,118.7167
269,Faya,SA,45.46,46.4,87,0,4.21,18.3851,42.4509
270,Charleston,US,58.01,61.0,100,75,4.56,32.7766,-79.9309
271,Mossamedes,AO,70.95,70.95,77,95,2.37,-15.1961,12.1522
272,Seymchan,RU,-1.01,-1.01,89,81,10.09,62.8833,152.4333
273,Inverness,GB,24.42,26.01,93,40,2.3,57.4791,-4.224
274,Longyearbyen,SJ,17.6,17.6,93,90,4.61,78.2186,15.6401
275,Tsimmerbude,RU,7.21,10.99,85,89,4.47,54.675,20.1347
276,Kieta,PG,86.05,86.05,69,53,7.87,-6.2167,155.6333
277,Norman Wells,CA,-34.6,-34.6,67,20,4.61,65.282,-126.8329
278,Alpena,US,9.41,10.0,61,1,3.44,45.0617,-83.4327
279,Mushie,CD,74.26,74.26,84,100,3.74,-3.0167,16.9
280,Sept-Îles,CA,5.76,8.01,55,0,6.91,50.2001,-66.3821
281,Port Lincoln,AU,78.62,78.62,42,0,8.1,-34.7333,135.8667
282,Rawson,AR,68.07,68.07,55,100,23.06,-43.3002,-65.1023
283,Machico,PT,54.23,60.8,82,20,5.75,32.7,-16.7667
284,Lorengau,PG,85.24,85.24,71,100,5.64,-2.0226,147.2712
285,Aklavik,CA,-33.7,-32.8,67,1,5.75,68.2191,-135.0107
286,Río Gallegos,AR,62.6,62.6,63,0,8.05,-51.6226,-69.2181
287,Svobodnyy,RU,-6.18,-6.18,90,96,3.47,51.4,128.1333
288,Urucará,BR,75.54,75.54,96,100,2.3,-2.5364,-57.76
289,Geraldton,AU,69.8,69.8,73,40,21.85,-28.7667,114.6
290,Muskegon,US,11.17,15.01,57,75,8.05,43.3,-86.1334
291,Gatesville,US,42.53,44.01,70,1,5.75,31.4352,-97.7439
292,Farafenni,GM,78.04,78.04,16,100,9.53,13.5667,-15.6
293,Ibrā’,OM,58.78,58.78,67,100,2.26,22.6906,58.5334
294,Gushikawa,JP,67.44,68.0,64,75,13.8,26.3544,127.8686
295,Evensk,RU,17.02,17.02,89,100,25.68,61.95,159.2333
296,Vila Velha,BR,73.47,78.01,94,100,5.46,-20.3297,-40.2925
297,Djougou,BJ,77.0,77.0,20,0,4.61,9.7085,1.666
298,Srednekolymsk,RU,-8.21,-8.21,88,0,7.58,67.45,153.6833
299,Nuuk,GL,26.29,26.6,80,90,10.36,64.1835,-51.7216
300,Namatanai,PG,84.18,84.18,72,100,5.32,-3.6667,152.4333
301,Quelimane,MZ,78.39,78.8,78,0,4.61,-17.8786,36.8883
302,Porirua,NZ,64.54,66.0,80,100,18.01,-41.1333,174.85
303,Vardø,NO,22.03,22.03,87,100,14.47,70.3705,31.1107
304,Haines Junction,CA,-27.4,-27.4,56,81,1.01,60.7522,-137.5108
305,Biltine,TD,63.19,63.19,29,1,10.87,14.5333,20.9167
306,Hasaki,JP,45.18,46.0,39,40,5.75,35.7333,140.8333
307,Nola,IT,54.43,55.99,81,25,8.01,40.922,14.5329
308,Neepawa,CA,-11.2,-11.2,64,75,16.11,50.2289,-99.4664
309,Rexburg,US,21.2,21.2,73,1,4.61,43.826,-111.7897
310,Jumla,NP,44.76,44.76,52,100,6.69,29.2747,82.1838
311,Tautira,PF,78.87,80.6,69,75,13.8,-17.7333,-149.15
312,Kamenka,RU,12.0,12.0,90,99,9.82,51.3223,42.7678
313,Bay Roberts,CA,28.35,28.99,93,90,26.46,47.5999,-53.2648
314,Puerto Carreño,CO,84.85,84.85,51,42,14.88,6.189,-67.4859
315,Port Hardy,CA,35.6,35.6,64,75,6.91,50.6996,-127.4199
316,Udachny,RU,-25.44,-25.44,82,77,7.16,66.4167,112.4
317,Anadyr,RU,5.0,5.0,61,0,11.18,64.75,177.4833
318,Angoche,MZ,76.86,76.86,89,100,5.88,-16.2325,39.9086
319,Zeya,RU,-4.43,-4.43,89,24,1.45,53.75,127.2667
320,Amarante do Maranhão,BR,71.44,71.44,97,72,2.35,-5.5667,-46.7422
321,Domoni,KM,80.06,80.06,80,81,10.74,-12.2569,44.5319
322,Muros,ES,47.21,48.99,88,30,5.01,42.7762,-9.0603
323,Prainha,BR,75.69,75.69,92,100,4.23,-1.8,-53.48
324,Kupang,ID,80.6,80.6,100,75,4.61,-10.1667,123.5833
325,Central Point,US,47.16,48.99,57,75,0.11,42.376,-122.9164
326,Praia da Vitória,PT,59.0,59.0,100,75,13.53,38.7333,-27.0667
327,Khāsh,IR,42.4,42.4,59,0,3.74,28.2211,61.2158
328,Mount Gambier,AU,80.6,80.6,36,0,5.75,-37.8333,140.7667
329,St. George's,GD,78.8,78.8,73,20,11.5,12.0564,-61.7485
330,Pokhara,NP,54.41,54.41,45,100,2.24,28.2333,83.9833
331,Ayan,RU,7.97,7.97,85,83,12.91,56.45,138.1667
332,Te Anau,NZ,55.18,55.18,72,100,6.69,-45.4167,167.7167
333,Knysna,ZA,66.2,66.2,82,75,2.3,-34.0363,23.0471
334,Flinders,AU,71.15,72.0,70,72,4.0,-34.5833,150.8552
335,Katsuura,JP,44.29,46.0,33,75,3.44,35.1333,140.3
336,Ballina,AU,75.34,77.0,61,75,9.22,-28.8667,153.5667
337,Bathsheba,BB,77.0,77.0,69,40,16.11,13.2167,-59.5167
338,Kumluca,TR,57.15,57.15,67,23,4.65,36.3703,30.2869
339,Palmer,US,21.96,23.0,93,90,3.44,42.1584,-72.3287
340,Balboa,CO,62.37,62.37,99,100,3.02,2.0396,-77.2168
341,Mgachi,RU,8.29,8.29,94,100,9.51,51.05,142.2667
342,Sibolga,ID,80.22,80.22,74,71,2.15,1.7427,98.7792
343,Avera,US,60.85,62.6,80,90,2.51,33.194,-82.5271
344,Kapit,MY,78.66,78.66,88,100,0.45,2.0167,112.9333
345,Yokadouma,CM,66.15,66.15,27,100,1.39,3.5167,15.05
346,Lac du Bonnet,CA,-14.48,-14.01,100,100,5.55,50.2536,-96.0612
347,Ternate,ID,83.71,83.71,72,47,3.8,0.8,127.4
348,Kathmandu,NP,44.6,44.6,93,75,3.44,27.7167,85.3167
349,Kāvali,IN,65.19,65.19,80,67,4.07,14.9167,79.9833
350,Asău,RO,43.0,43.0,61,100,5.1,46.4333,26.4
351,Soto la Marina,MX,73.99,73.99,87,0,3.0,23.7667,-98.2167
352,Grand Gaube,MU,73.99,73.99,83,21,3.0,-20.0064,57.6608
353,Trud,BG,45.37,51.01,100,75,4.61,42.2333,24.7333
354,Northam,GB,31.51,32.0,76,92,8.99,51.0333,-4.2167
355,Naze,JP,60.8,60.8,63,75,8.05,28.3667,129.4833
356,Leningradskiy,RU,-25.56,-25.56,83,0,11.05,69.3833,178.4167
357,Praxédis Guerrero,MX,68.49,69.8,12,1,11.5,31.3667,-106.0167
358,Wagga Wagga,AU,75.99,77.0,50,0,9.22,-35.1167,147.3667
359,Baymak,RU,-4.34,-4.34,85,90,3.53,52.5933,58.3225
360,Nabire,ID,86.83,86.83,61,24,3.09,-3.3667,135.4833
361,Kuytun,RU,8.06,8.06,92,100,3.2,54.3419,101.5036
362,Fortuna,US,50.32,52.0,87,90,11.5,40.5982,-124.1573
363,Anjiang,CN,47.3,47.3,91,100,1.21,27.3194,110.1031
364,Nantucket,US,34.36,35.01,100,90,13.8,41.2835,-70.0995
365,Juneau,US,5.0,5.0,39,20,11.5,58.3019,-134.4197
366,Roebourne,AU,89.29,89.29,37,0,18.05,-20.7833,117.1333
367,Megion,RU,-16.6,-16.6,76,90,4.47,61.0296,76.1136
368,Slobodskoy,RU,-17.9,-17.9,86,100,0.2,58.7322,50.1772
369,Raudeberg,NO,26.01,26.01,76,91,4.03,61.9875,5.1352
370,Salalah,OM,77.0,77.0,38,0,10.36,17.0151,54.0924
371,Itoman,JP,67.44,68.0,60,40,9.22,26.1247,127.6694
372,Bengkulu,ID,77.85,77.85,79,100,4.16,-3.8004,102.2655
373,Šiauliai,LT,8.6,8.6,85,99,8.05,55.9333,23.3167
374,Puerto Quijarro,BO,80.92,80.92,48,88,3.91,-17.7833,-57.7667
375,Eureka,US,50.0,50.0,85,100,2.66,40.8021,-124.1637
376,St. Pete Beach,US,69.22,71.01,88,1,6.91,27.7253,-82.7412
377,Carballo,ES,42.37,43.0,94,35,1.01,43.213,-8.691
378,Namwala,ZM,67.57,67.57,98,100,5.99,-15.7504,26.4384
379,Fukuechō,JP,48.2,48.2,71,20,2.3,32.6881,128.8419
380,Koygorodok,RU,-20.4,-20.4,87,65,3.98,60.445,50.9968
381,Auki,SB,84.4,84.4,71,4,8.81,-8.7676,160.7034
382,Boyolangu,ID,79.41,79.41,81,100,3.8,-8.1181,111.8935
383,Grezzana,IT,39.51,46.4,93,75,5.75,45.5203,11.0177
384,Ketchikan,US,18.32,19.4,53,20,6.91,55.3422,-131.6461
385,Sabha,LY,58.86,58.86,31,0,8.32,27.0377,14.4283
386,Tanabe,JP,44.6,44.6,53,20,14.97,33.7333,135.3667
387,Celendín,PE,56.75,56.75,85,100,3.06,-6.8703,-78.1517
388,Agadez,NE,59.43,59.43,28,0,2.91,19.75,10.25
389,Touros,BR,80.6,80.6,78,40,10.36,-5.1989,-35.4608
390,Mapua,NZ,72.0,72.0,60,28,4.0,-41.25,173.1
391,Sibut,CF,64.22,64.22,25,100,2.66,5.718,19.0739
392,Yeppoon,AU,82.4,82.4,51,75,8.05,-23.1333,150.7333
393,Tessalit,ML,66.16,66.16,21,74,9.64,20.1986,1.0114
394,Pacific Grove,US,54.68,55.99,76,1,6.91,36.6177,-121.9166
395,Vuktyl,RU,-18.72,-18.72,88,96,2.93,63.8567,57.3094
396,Tambo,PE,37.67,37.67,100,99,6.02,-14.8,-73.9167
397,Zhigansk,RU,-24.81,-24.81,84,0,4.83,66.7697,123.3711
398,Izazi,TZ,69.57,69.57,88,100,1.48,-7.2,35.7333
399,Mareeba,AU,82.74,82.99,83,75,5.75,-17.0,145.4333
400,Aykhal,RU,-16.51,-16.51,86,100,9.84,66.0,111.5
401,Gizo Government Station,SB,84.83,84.83,71,16,11.56,-8.103,156.8419
402,San Joaquin,US,62.15,63.0,48,20,9.22,37.9333,-121.3011
403,Mount Isa,AU,89.6,89.6,51,0,8.05,-20.7333,139.5
404,Cabra,ES,52.0,52.0,78,89,5.01,37.4725,-4.4421
405,Kubinka,RU,8.4,8.6,72,75,8.95,55.5839,36.69
406,Port Hawkesbury,CA,18.34,19.99,73,1,5.75,45.6169,-61.3485
407,Chengzhong,CN,48.2,48.2,93,100,6.71,30.95,113.55
408,Meulaboh,ID,78.8,78.8,83,46,4.09,4.1363,96.1285
409,Teknāf,BD,63.91,63.91,55,0,4.34,20.8624,92.3058
410,Lake Havasu City,US,67.87,69.8,14,1,8.05,34.4839,-114.3224
411,Wajir,KE,75.13,75.13,70,21,13.35,1.7471,40.0573
412,Borborema,BR,68.86,68.86,88,29,7.25,-21.6197,-49.0736
413,Balezino,RU,-21.39,-21.39,86,30,2.28,57.9796,53.0106
414,Aloleng,PH,79.97,79.97,68,93,11.3,16.1307,119.7824
415,Pouembout,NC,83.3,83.3,62,20,8.16,-21.1333,164.9
416,Hervey Bay,AU,81.0,81.0,57,4,8.01,-25.2986,152.8535
417,Saquena,PE,75.92,75.92,94,100,0.78,-4.6667,-73.5167
418,Guangyuan,CN,39.87,44.01,90,53,1.45,32.442,105.823
419,Tuatapere,NZ,52.36,52.36,91,100,12.19,-46.1333,167.6833
420,Idlib,SY,53.6,53.6,87,75,5.75,35.9306,36.6339
421,Hirara,JP,68.0,68.0,64,75,13.8,24.8,125.2833
422,Ranong,TH,75.2,75.2,94,0,2.3,9.9658,98.6348
423,Binga,ZW,71.01,71.01,92,100,2.73,-17.6203,27.3414
424,Berbera,SO,74.12,74.12,71,81,8.12,10.4396,45.0143
425,San Andrés,CO,80.6,80.6,78,75,8.05,12.5847,-81.7006
426,Karratha,AU,87.73,87.73,40,0,19.53,-20.7377,116.8463
427,Rāmpur,IN,58.32,58.32,55,100,2.39,28.8167,79.0333
428,Salto,UY,72.0,72.0,80,96,6.76,-31.3833,-57.9667
429,Arrondissement de Rodez,FR,35.28,37.0,100,75,4.61,44.5,2.5833
430,Ha Giang,VN,61.81,61.81,77,67,0.65,22.8333,104.9833
431,Ocós,GT,82.26,84.2,78,75,3.44,14.5094,-92.1933
432,Trelew,AR,68.74,68.74,55,100,22.08,-43.249,-65.3051
433,Ugoofaaru,MV,82.06,82.06,67,100,7.83,5.6667,73.0
434,Tevaitoa,PF,82.2,82.2,71,0,12.39,-16.7833,-151.5
435,Pedernales,DO,76.55,76.55,56,76,9.89,18.0384,-71.744
436,Jurm,AF,32.54,32.54,70,57,5.97,36.8648,70.8342
437,Diamantino,BR,74.86,74.86,58,0,1.66,-14.4086,-56.4461
438,Baie-Saint-Paul,CA,3.33,6.8,72,98,8.05,47.4411,-70.4986
439,Batagay,RU,-23.24,-23.24,81,0,2.77,67.6333,134.6333
440,Baharly,TM,53.92,53.92,52,0,3.13,38.4362,57.4316
441,North Bend,US,47.64,50.0,71,1,9.22,43.4065,-124.2243
442,Alice Springs,AU,89.6,89.6,51,75,4.61,-23.7,133.8833
443,Montepuez,MZ,69.35,69.35,98,100,6.98,-13.1256,38.9997
444,Huarmey,PE,72.0,72.0,75,5,3.62,-10.0681,-78.1522
445,Palmerston,AU,85.08,87.01,89,75,12.66,-12.486,130.9833
446,Vila Franca do Campo,PT,61.43,62.01,94,75,19.57,37.7167,-25.4333
447,Sarakhs,IR,55.4,55.4,50,100,4.61,36.5449,61.1577
448,Rocha,UY,66.69,66.69,90,90,8.88,-34.4833,-54.3333
449,Chistogorskiy,RU,1.87,1.87,92,100,8.7,53.9835,87.3843
450,Sakakah,SA,53.6,53.6,66,0,4.61,29.9697,40.2064
451,Várzea Grande,BR,86.0,86.0,51,20,5.75,-15.6467,-56.1325
452,Villarrica,PY,67.57,67.57,92,100,3.83,-25.75,-56.4333
453,Escárcega,MX,77.14,77.14,72,80,5.23,18.6089,-90.7454
454,Santa Quitéria do Maranhão,BR,72.82,72.82,94,74,0.49,-3.5156,-42.5467
455,Vangaindrano,MG,74.57,74.57,90,100,3.24,-23.35,47.6
456,Hofn,IS,31.23,31.23,97,100,10.25,64.2539,-15.2082
457,Salina,US,12.92,14.0,73,1,10.36,38.8403,-97.6114
458,Ust'-Ishim,RU,-24.36,-24.36,86,0,3.94,57.6935,71.1665
459,Bundaberg,AU,83.75,84.99,51,40,12.66,-24.85,152.35
460,Sivas Province,TR,33.8,33.8,86,0,13.8,39.7916,37.0019
461,Hamilton,US,24.46,26.6,74,90,8.05,39.1834,-84.5333
462,Los Llanos de Aridane,ES,56.86,62.6,72,0,6.91,28.6585,-17.9182
463,Järvenpää,FI,4.51,7.0,85,75,3.44,60.4737,25.0899
464,Uglovoye,UA,52.0,52.0,67,100,8.01,44.8215,33.6045
465,Marawi,PH,81.0,81.0,82,4,3.0,7.9986,124.2928
466,Wellsford,NZ,70.02,71.01,94,100,5.01,-36.2833,174.5167
467,Moyale,KE,69.89,69.89,44,74,10.13,3.5167,39.0584
468,Grindavik,IS,30.2,30.2,100,90,6.91,63.8424,-22.4338
469,Conceição do Araguaia,BR,73.33,73.33,93,100,2.19,-8.2578,-49.2647
470,Acapulco de Juárez,MX,80.6,80.6,74,1,4.61,16.8634,-99.8901
471,Jajce,BA,44.6,44.6,93,90,3.44,44.3422,17.2656
472,Nyazepetrovsk,RU,-16.49,-16.49,88,100,8.88,56.0531,59.6028
473,Conde,BR,80.6,80.6,83,0,5.75,-7.2597,-34.9075
474,Zaysan,KZ,2.35,2.35,90,81,3.0,47.4667,84.8667
475,Inírida,CO,75.76,75.76,92,100,1.99,3.8653,-67.9239
476,Muyezerskiy,RU,-2.74,-2.74,91,88,3.36,63.9333,31.65
477,Erding,DE,30.69,30.99,86,75,9.22,48.306,11.9069
478,Domanivka,UA,34.56,34.56,90,100,11.61,47.6319,30.9885
479,Ikirun,NG,71.26,71.26,96,38,4.23,7.9167,4.6667
480,Nipāni,IN,53.6,53.6,62,0,3.2,16.4,74.3833
481,Zuwārah,LY,62.28,62.28,38,0,8.43,32.9312,12.082
482,Vallenar,CL,64.31,64.31,57,0,2.26,-28.5708,-70.7581
483,Ambon City,ID,89.6,89.6,66,20,2.3,-3.6954,128.1814
484,Kyren,RU,18.01,18.01,91,100,1.81,51.6828,102.1408
485,Oruzgan,AF,40.98,40.98,61,0,7.58,32.8333,66.0
486,Kumul,CN,33.73,33.73,77,100,5.82,42.8,93.45
487,Sechura,PE,77.29,77.29,71,100,12.46,-5.5569,-80.8222
488,Jimo,CN,40.14,45.0,93,44,2.24,36.3897,120.4622
489,Yeniseysk,RU,-1.59,-1.59,92,100,5.86,58.4497,92.1703
490,Yar-Sale,RU,-18.96,-18.96,86,100,12.95,66.8333,70.8333
491,Umm Kaddadah,SD,64.67,64.67,31,90,13.73,13.6017,26.6876
492,Rustenburg,ZA,68.4,68.4,79,100,3.06,-25.6676,27.2421
493,Comodoro Rivadavia,AR,69.8,69.8,73,0,8.39,-45.8667,-67.5
494,Oktyabr'skoye,RU,24.8,24.8,93,41,8.95,43.0645,44.7417
495,Katherine,AU,84.2,84.2,65,100,4.61,-14.4667,132.2667
496,Iqaluit,CA,1.2,1.4,78,1,0.54,63.7506,-68.5145
497,Chopinzinho,BR,64.72,64.72,86,100,3.38,-25.8558,-52.5233
498,Luwuk,ID,85.17,85.17,64,91,1.99,-0.9516,122.7875
499,Saint-Joseph,RE,74.71,77.0,65,0,5.75,-21.3667,55.6167
500,Ekibastuz,KZ,-15.54,-15.54,85,83,14.83,51.6667,75.3667
501,Rovaniemi,FI,1.4,1.4,85,90,6.91,66.5,25.7167
502,Brixen,IT,32.79,39.0,93,90,16.11,46.715,11.656
503,Mīzan Teferī,ET,66.54,66.54,62,51,1.99,6.9833,35.5833
504,Erbil,IQ,53.46,53.46,59,100,2.28,36.1926,44.0106
505,Vanimo,PG,87.26,87.26,60,99,1.23,-2.6741,141.3028
506,Rūdsar,IR,48.2,48.2,100,90,4.61,37.1376,50.288
507,Sinjār,IQ,53.06,53.06,68,100,5.86,36.3209,41.8754
508,Niono,ML,74.75,74.75,18,0,10.98,14.2526,-5.993
509,Buenos Aires,AR,69.8,71.01,73,75,11.5,-34.6132,-58.3772
510,Caniço,PT,53.35,60.8,82,20,5.75,32.6333,-16.85
511,Sinnamary,GF,77.05,77.05,81,57,11.59,5.3833,-52.95
512,San Cristobal,VE,68.22,68.22,87,92,1.97,7.7669,-72.225
513,Bahía Solano,CO,78.8,78.8,79,10,3.2,6.2262,-77.4044
514,Uglovskoye,RU,-4.49,-4.49,87,96,13.91,51.3557,80.1942
515,Ust'-Ilimsk,RU,1.87,1.87,91,9,7.23,58.0006,102.6619
516,Nālūt,LY,54.28,54.28,38,1,9.06,30.3333,10.85
517,Burnie,AU,62.38,64.0,85,1,5.01,-41.0667,145.9167
518,Nogales,MX,65.12,66.99,16,1,6.91,31.3086,-110.9422
519,Nokha,IN,56.86,56.86,32,0,4.5,27.6,73.4167
520,Alta Floresta,BR,72.27,72.27,96,100,2.46,-9.8756,-56.0861
521,Tagusao,PH,80.96,80.96,75,45,2.39,9.1924,117.8141
522,Vestmannaeyjar,IS,40.24,40.24,71,98,14.5,63.4427,-20.2734
523,San Patricio,US,68.94,71.6,88,1,9.22,28.017,-97.5169
524,Khorramshahr,IR,59.0,59.0,82,0,9.22,30.4397,48.1664
525,Grajaú,BR,72.05,72.05,94,99,2.08,-5.8194,-46.1386
526,Międzychód,PL,19.0,19.0,68,87,2.06,52.5988,15.897
527,Isangel,VU,84.2,84.2,79,75,9.22,-19.55,169.2667
528,Vao,NC,78.08,78.08,81,10,10.51,-22.6667,167.4833
529,Kulhudhuffushi,MV,81.45,81.45,65,77,5.35,6.6221,73.07
530,Chingirlau,KZ,-4.61,-4.61,89,100,12.48,51.095,54.0814
531,Murgab,TM,50.0,50.0,71,90,4.61,37.4966,61.9714
532,Scarborough,GB,32.11,33.01,61,74,8.01,54.2797,-0.4044
533,Naryan-Mar,RU,-11.13,-11.13,90,100,3.56,67.6713,53.087
534,Key West,US,75.15,75.2,83,20,6.91,24.5557,-81.7826
535,Anamur,TR,51.8,51.8,82,20,6.91,36.0751,32.8369
536,Gold Coast,AU,77.5,78.01,53,90,11.5,-28.0,153.4333
537,Matara,LK,71.82,71.82,88,97,7.83,5.9485,80.5353
538,Tubmanburg,LR,75.92,75.92,92,100,1.97,6.8708,-10.8172
539,Naryshkino,RU,1.54,1.54,94,100,4.76,52.9678,35.7268
540,El Tigre,VE,78.46,78.46,52,20,12.44,8.8875,-64.2454
541,Keti Bandar,PK,67.96,67.96,83,100,6.93,24.1447,67.4497
542,Port Said,EG,59.0,59.0,88,0,8.9,31.2565,32.2841
543,Ucar,AZ,51.8,51.8,54,0,10.36,40.519,47.6542
544,Hurghada,EG,60.8,60.8,67,0,6.02,27.2574,33.8129
545,Roverud,NO,2.26,5.0,85,1,3.44,60.2521,12.055
546,Mitchell,US,5.0,5.0,51,1,3.44,43.7094,-98.0298
